<?xml version="1.0" encoding="utf-8"?>
<extension version="2.5" type="component" method="upgrade">
	<name>InstaBoard</name>
	<author>Daniel Eliasson - joomla at stilero.com</author>
	<creationDate>2012-okt-21</creationDate>
	<copyright>Copyright (c) 2012-okt-21 Stilero Webdesign http://www.stilero.com. All rights reserved.</copyright>
	<authorEmail>joomla@stilero.com</authorEmail>
	<authorUrl>www.stilero.com</authorUrl>
	<version>1.0</version>
	<license>GPLv2</license>
	<description>Description</description>
        <!--
	<install>
            <sql>
                <file driver="mysql" charset="utf8">sql/install.mysql.sql</file>
            </sql>
	</install>
	<uninstall>
            <sql>
                <file driver="mysql" charset="utf8">sql/uninstall.mysql.sql</file>
            </sql>
	</uninstall>
        -->
	<!-- Standard plugin parameters for Joomla! 1.6+ -->
        <config>
            <fields name="params" addfieldpath="/plugins/content/instaboard/elements">
                    <fieldset name="settings" label="COM_INSTABOARD_SETTINGS">
                            <field name="custom_field" type="customfieldname" default="" label="COM_INSTABOARD_PARAMNAME" description="COM_INSTABOARD_PARAMNAME_DESC"/>
                            <field name="param_name" type="text"  default="" label="COM_INSTABOARD_PARAMNAME" description="COM_INSTABOARD_PARAMNAME_DESC"/>
                            <field name="param_name2" type="radio" default="1" label="COM_INSTABOARD_PARAMNAME2" description="COM_INSTABOARD_PARAMNAME2_DESC">
                                    <option value="1">Yes</option>
                                    <option value="0">No</option>
                            </field>
                            <field type="spacer" default="COM_INSTABOARD_SPACER"/>
                    </fieldset>
                    <fieldset name="other" label="COM_INSTABOARD_FIELDSET">
                            <field name="param_name" type="text"  default="" label="COM_INSTABOARD_PARAMNAME" description="COM_INSTABOARD_PARAMNAME_DESC"/>
                            <field name="param_name2" type="radio" default="1" label="COM_INSTABOARD_PARAMNAME2" description="COM_INSTABOARD_PARAMNAME2_DESC">
                                    <option value="1">Yes</option>
                                    <option value="0">No</option>
                            </field>
                            <field type="spacer" default="COM_INSTABOARD_SPACER"/>
                    </fieldset>
            </fields>
        </config>
	<administration>
            <!-- Administration Menu Section -->
           <menu img="../administrator/components/com_instaboard/assets/images/instaboard.png" link="index.php?option=com_instaboard">instaboard</menu>
            <!-- Administration Main File Copy Section -->
            <!-- Note the folder attribute: This attribute describes the folder
                    to copy FROM in the package to install therefore files copied
                    in this section are copied from /admin/ in the package -->
            <files folder="admin">
                    <!-- Admin Main File Copy Section -->
                    <filename>index.html</filename>
                    <filename>config.xml</filename>
                    <filename>admin.instaboard.php</filename>
                    <filename>controller.php</filename>
                    <folder>views</folder>
                    <folder>models</folder>
                    <folder>controllers</folder>
                    <folder>includes</folder>
                    <folder>assets</folder>
                    <folder>helpers</folder>
                    <folder>sql</folder>
            </files>
            <languages>
	       <language tag="en-GB">admin/language/en-GB.com_instaboard.ini</language>
               <language tag="en-GB">admin/language/en-GB.com_instaboard.ini</language>
	    </languages>
	</administration>
</extension>